[{"AC": 5, "AF": 8, "AR": 0, "AS": 13, "AST": 4, "AY": 1, "AwayTeam": "Leicester", "Date": "2018-08-10", "FTAG": 1, "FTHG": 2, "FTR": "H", "HC": 2, "HF": 11, "HR": 0, "HS": 8, "HST": 6, "HTAG": 0, "HTHG": 1, "HTR": "H", "HY": 2, "HomeTeam": "Man United", "Referee": "A Marriner"},{"AC": 4, "AF": 9, "AR": 0, "AS": 10, "AST": 1, "AY": 1, "AwayTeam": "Cardiff", "Date": "2018-08-11", "FTAG": 0, "FTHG": 2, "FTR": "H", "HC": 7, "HF": 11, "HR": 0, "HS": 12, "HST": 4, "HTAG": 0, "HTHG": 1, "HTR": "H", "HY": 1, "HomeTeam": "Bournemouth", "Referee": "K Friend"},{"AC": 5, "AF": 11, "AR": 0, "AS": 10, "AST": 9, "AY": 2, "AwayTeam": "Crystal Palace", "Date": "2018-08-11", "FTAG": 2, "FTHG": 0, "FTR": "A", "HC": 5, "HF": 9, "HR": 0, "HS": 15, "HST": 6, "HTAG": 1, "HTHG": 0, "HTR": "A", "HY": 1, "HomeTeam": "Fulham", "Referee": "M Dean"},{"AC": 5, "AF": 8, "AR": 0, "AS": 13, "AST": 4, "AY": 1, "AwayTeam": "Chelsea", "Date": "2018-08-11", "FTAG": 3, "FTHG": 0, "FTR": "A", "HC": 2, "HF": 9, "HR": 0, "HS": 6, "HST": 1, "HTAG": 2, "HTHG": 0, "HTR": "A", "HY": 2, "HomeTeam": "Huddersfield", "Referee": "C Kavanagh"},{"AC": 5, "AF": 12, "AR": 0, "AS": 15, "AST": 5, "AY": 2, "AwayTeam": "Tottenham", "Date": "2018-08-11", "FTAG": 2, "FTHG": 1, "FTR": "A", "HC": 3, "HF": 11, "HR": 0, "HS": 15, "HST": 2, "HTAG": 2, "HTHG": 1, "HTR": "A", "HY": 2, "HomeTeam": "Newcastle", "Referee": "M Atkinson"},{"AC": 2, "AF": 16, "AR": 0, "AS": 6, "AST": 0, "AY": 2, "AwayTeam": "Brighton", "Date": "2018-08-11", "FTAG": 0, "FTHG": 2, "FTR": "H", "HC": 8, "HF": 10, "HR": 0, "HS": 19, "HST": 5, "HTAG": 0, "HTHG": 1, "HTR": "H", "HY": 2, "HomeTeam": "Watford", "Referee": "J Moss"},{"AC": 6, "AF": 7, "AR": 1, "AS": 6, "AST": 5, "AY": 1, "AwayTeam": "Everton", "Date": "2018-08-11", "FTAG": 2, "FTHG": 2, "FTR": "D", "HC": 3, "HF": 8, "HR": 0, "HS": 11, "HST": 4, "HTAG": 1, "HTHG": 1, "HTR": "D", "HY": 0, "HomeTeam": "Wolves", "Referee": "C Pawson"},{"AC": 9, "AF": 14, "AR": 0, "AS": 17, "AST": 8, "AY": 2, "AwayTeam": "Man City", "Date": "2018-08-12", "FTAG": 2, "FTHG": 0, "FTR": "A", "HC": 2, "HF": 11, "HR": 0, "HS": 9, "HST": 3, "HTAG": 1, "HTHG": 0, "HTR": "A", "HY": 2, "HomeTeam": "Arsenal", "Referee": "M Oliver"},{"AC": 4, "AF": 9, "AR": 0, "AS": 5, "AST": 2, "AY": 2, "AwayTeam": "West Ham", "Date": "2018-08-12", "FTAG": 0, "FTHG": 4, "FTR": "H", "HC": 5, "HF": 14, "HR": 0, "HS": 18, "HST": 8, "HTAG": 0, "HTHG": 2, "HTR": "H", "HY": 1, "HomeTeam": "Liverpool", "Referee": "A Taylor"},{"AC": 5, "AF": 9, "AR": 0, "AS": 16, "AST": 6, "AY": 1, "AwayTeam": "Burnley", "Date": "2018-08-12", "FTAG": 0, "FTHG": 0, "FTR": "D", "HC": 8, "HF": 10, "HR": 0, "HS": 18, "HST": 3, "HTAG": 0, "HTHG": 0, "HTR": "D", "HY": 0, "HomeTeam": "Southampton", "Referee": "G Scott"},{"AC": 5, "AF": 16, "AR": 1, "AS": 12, "AST": 6, "AY": 2, "AwayTeam": "Newcastle", "Date": "2018-08-18", "FTAG": 0, "FTHG": 0, "FTR": "D", "HC": 5, "HF": 14, "HR": 0, "HS": 12, "HST": 1, "HTAG": 0, "HTHG": 0, "HTR": "D", "HY": 2, "HomeTeam": "Cardiff", "Referee": "C Pawson"},{"AC": 1, "AF": 9, "AR": 0, "AS": 15, "AST": 6, "AY": 2, "AwayTeam": "Arsenal", "Date": "2018-08-18", "FTAG": 2, "FTHG": 3, "FTR": "H", "HC": 5, "HF": 12, "HR": 0, "HS": 24, "HST": 11, "HTAG": 2, "HTHG": 2, "HTR": "D", "HY": 0, "HomeTeam": "Chelsea", "Referee": "M Atkinson"},{"AC": 5, "AF": 20, "AR": 0, "AS": 15, "AST": 4, "AY": 5, "AwayTeam": "Southampton", "Date": "2018-08-18", "FTAG": 1, "FTHG": 2, "FTR": "H", "HC": 2, "HF": 8, "HR": 0, "HS": 13, "HST": 7, "HTAG": 0, "HTHG": 2, "HTR": "H", "HY": 0, "HomeTeam": "Everton", "Referee": "L Mason"},{"AC": 9, "AF": 8, "AR": 0, "AS": 11, "AST": 3, "AY": 1, "AwayTeam": "Wolves", "Date": "2018-08-18", "FTAG": 0, "FTHG": 2, "FTR": "H", "HC": 1, "HF": 10, "HR": 1, "HS": 6, "HST": 2, "HTAG": 0, "HTHG": 2, "HTR": "H", "HY": 2, "HomeTeam": "Leicester", "Referee": "M Dean"},{"AC": 2, "AF": 5, "AR": 0, "AS": 10, "AST": 3, "AY": 0, "AwayTeam": "Fulham", "Date": "2018-08-18", "FTAG": 1, "FTHG": 3, "FTR": "H", "HC": 5, "HF": 9, "HR": 0, "HS": 25, "HST": 11, "HTAG": 0, "HTHG": 1, "HTR": "H", "HY": 0, "HomeTeam": "Tottenham", "Referee": "A Taylor"},{"AC": 4, "AF": 10, "AR": 0, "AS": 12, "AST": 5, "AY": 2, "AwayTeam": "Bournemouth", "Date": "2018-08-18", "FTAG": 2, "FTHG": 1, "FTR": "A", "HC": 6, "HF": 14, "HR": 0, "HS": 11, "HST": 5, "HTAG": 0, "HTHG": 1, "HTR": "H", "HY": 6, "HomeTeam": "West Ham", "Referee": "S Attwell"},{"AC": 5, "AF": 13, "AR": 0, "AS": 9, "AST": 3, "AY": 1, "AwayTeam": "Man United", "Date": "2018-08-19", "FTAG": 2, "FTHG": 3, "FTR": "H", "HC": 3, "HF": 16, "HR": 0, "HS": 6, "HST": 3, "HTAG": 1, "HTHG": 3, "HTR": "H", "HY": 1, "HomeTeam": "Brighton", "Referee": "K Friend"},{"AC": 2, "AF": 19, "AR": 0, "AS": 9, "AST": 6, "AY": 2, "AwayTeam": "Watford", "Date": "2018-08-19", "FTAG": 3, "FTHG": 1, "FTR": "A", "HC": 5, "HF": 8, "HR": 0, "HS": 8, "HST": 3, "HTAG": 1, "HTHG": 1, "HTR": "D", "HY": 1, "HomeTeam": "Burnley", "Referee": "P Tierney"},{"AC": 3, "AF": 4, "AR": 0, "AS": 5, "AST": 1, "AY": 2, "AwayTeam": "Huddersfield", "Date": "2018-08-19", "FTAG": 1, "FTHG": 6, "FTR": "H", "HC": 10, "HF": 9, "HR": 0, "HS": 32, "HST": 14, "HTAG": 1, "HTHG": 3, "HTR": "H", "HY": 0, "HomeTeam": "Man City", "Referee": "A Marriner"},{"AC": 7, "AF": 13, "AR": 0, "AS": 16, "AST": 6, "AY": 1, "AwayTeam": "Liverpool", "Date": "2018-08-20", "FTAG": 2, "FTHG": 0, "FTR": "A", "HC": 6, "HF": 6, "HR": 1, "HS": 8, "HST": 2, "HTAG": 1, "HTHG": 0, "HTR": "A", "HY": 1, "HomeTeam": "Crystal Palace", "Referee": "M Oliver"},{"AC": 2, "AF": 13, "AR": 0, "AS": 13, "AST": 5, "AY": 3, "AwayTeam": "West Ham", "Date": "2018-08-25", "FTAG": 1, "FTHG": 3, "FTR": "H", "HC": 10, "HF": 16, "HR": 0, "HS": 17, "HST": 10, "HTAG": 1, "HTHG": 1, "HTR": "D", "HY": 1, "HomeTeam": "Arsenal", "Referee": "G Scott"},{"AC": 2, "AF": 10, "AR": 1, "AS": 11, "AST": 3, "AY": 3, "AwayTeam": "Everton", "Date": "2018-08-25", "FTAG": 2, "FTHG": 2, "FTR": "D", "HC": 6, "HF": 12, "HR": 1, "HS": 17, "HST": 5, "HTAG": 0, "HTHG": 0, "HTR": "D", "HY": 0, "HomeTeam": "Bournemouth", "Referee": "L Probert"},{"AC": 7, "AF": 10, "AR": 0, "AS": 14, "AST": 4, "AY": 1, "AwayTeam": "Cardiff", "Date": "2018-08-25", "FTAG": 0, "FTHG": 0, "FTR": "D", "HC": 7, "HF": 8, "HR": 1, "HS": 5, "HST": 1, "HTAG": 0, "HTHG": 0, "HTR": "D", "HY": 0, "HomeTeam": "Huddersfield", "Referee": "M Oliver"},{"AC": 5, "AF": 14, "AR": 0, "AS": 6, "AST": 2, "AY": 1, "AwayTeam": "Brighton", "Date": "2018-08-25", "FTAG": 0, "FTHG": 1, "FTR": "H", "HC": 8, "HF": 8, "HR": 0, "HS": 22, "HST": 8, "HTAG": 0, "HTHG": 1, "HTR": "H", "HY": 1, "HomeTeam": "Liverpool", "Referee": "C Kavanagh"},{"AC": 3, "AF": 11, "AR": 0, "AS": 8, "AST": 5, "AY": 1, "AwayTeam": "Leicester", "Date": "2018-08-25", "FTAG": 2, "FTHG": 1, "FTR": "A", "HC": 10, "HF": 13, "HR": 1, "HS": 11, "HST": 5, "HTAG": 0, "HTHG": 0, "HTR": "D", "HY": 1, "HomeTeam": "Southampton", "Referee": "J Moss"},{"AC": 9, "AF": 8, "AR": 0, "AS": 18, "AST": 6, "AY": 2, "AwayTeam": "Man City", "Date": "2018-08-25", "FTAG": 1, "FTHG": 1, "FTR": "D", "HC": 5, "HF": 13, "HR": 0, "HS": 11, "HST": 2, "HTAG": 0, "HTHG": 0, "HTR": "D", "HY": 1, "HomeTeam": "Wolves", "Referee": "M Atkinson"},{"AC": 4, "AF": 8, "AR": 0, "AS": 12, "AST": 2, "AY": 1, "AwayTeam": "Burnley", "Date": "2018-08-26", "FTAG": 2, "FTHG": 4, "FTR": "H", "HC": 6, "HF": 11, "HR": 0, "HS": 25, "HST": 12, "HTAG": 2, "HTHG": 3, "HTR": "H", "HY": 2, "HomeTeam": "Fulham", "Referee": "D Coote"},{"AC": 5, "AF": 8, "AR": 0, "AS": 15, "AST": 3, "AY": 1, "AwayTeam": "Chelsea", "Date": "2018-08-26", "FTAG": 2, "FTHG": 1, "FTR": "A", "HC": 4, "HF": 16, "HR": 0, "HS": 6, "HST": 2, "HTAG": 0, "HTHG": 0, "HTR": "D", "HY": 3, "HomeTeam": "Newcastle", "Referee": "P Tierney"},{"AC": 3, "AF": 11, "AR": 0, "AS": 9, "AST": 3, "AY": 2, "AwayTeam": "Crystal Palace", "Date": "2018-08-26", "FTAG": 1, "FTHG": 2, "FTR": "H", "HC": 6, "HF": 14, "HR": 0, "HS": 13, "HST": 5, "HTAG": 0, "HTHG": 0, "HTR": "D", "HY": 4, "HomeTeam": "Watford", "Referee": "A Taylor"},{"AC": 2, "AF": 16, "AR": 0, "AS": 9, "AST": 5, "AY": 4, "AwayTeam": "Tottenham", "Date": "2018-08-27", "FTAG": 3, "FTHG": 0, "FTR": "A", "HC": 5, "HF": 11, "HR": 0, "HS": 23, "HST": 5, "HTAG": 0, "HTHG": 0, "HTR": "D", "HY": 2, "HomeTeam": "Man United", "Referee": "C Pawson"},{"AC": 1, "AF": 14, "AR": 0, "AS": 10, "AST": 5, "AY": 3, "AwayTeam": "Fulham", "Date": "2018-09-01", "FTAG": 2, "FTHG": 2, "FTR": "D", "HC": 7, "HF": 12, "HR": 0, "HS": 15, "HST": 5, "HTAG": 1, "HTHG": 0, "HTR": "A", "HY": 3, "HomeTeam": "Brighton", "Referee": "L Probert"},{"AC": 6, "AF": 7, "AR": 0, "AS": 8, "AST": 1, "AY": 2, "AwayTeam": "Bournemouth", "Date": "2018-09-01", "FTAG": 0, "FTHG": 2, "FTR": "H", "HC": 7, "HF": 10, "HR": 0, "HS": 24, "HST": 6, "HTAG": 0, "HTHG": 0, "HTR": "D", "HY": 2, "HomeTeam": "Chelsea", "Referee": "L Mason"},{"AC": 4, "AF": 12, "AR": 0, "AS": 19, "AST": 6, "AY": 1, "AwayTeam": "Southampton", "Date": "2018-09-01", "FTAG": 2, "FTHG": 0, "FTR": "A", "HC": 7, "HF": 11, "HR": 0, "HS": 20, "HST": 6, "HTAG": 0, "HTHG": 0, "HTR": "D", "HY": 1, "HomeTeam": "Crystal Palace", "Referee": "M Atkinson"},{"AC": 3, "AF": 14, "AR": 0, "AS": 9, "AST": 6, "AY": 3, "AwayTeam": "Huddersfield", "Date": "2018-09-01", "FTAG": 1, "FTHG": 1, "FTR": "D", "HC": 4, "HF": 13, "HR": 0, "HS": 11, "HST": 1, "HTAG": 1, "HTHG": 1, "HTR": "D", "HY": 3, "HomeTeam": "Everton", "Referee": "S Attwell"},{"AC": 4, "AF": 12, "AR": 0, "AS": 10, "AST": 4, "AY": 2, "AwayTeam": "Liverpool", "Date": "2018-09-01", "FTAG": 2, "FTHG": 1, "FTR": "A", "HC": 4, "HF": 9, "HR": 0, "HS": 12, "HST": 5, "HTAG": 2, "HTHG": 0, "HTR": "A", "HY": 3, "HomeTeam": "Leicester", "Referee": "P Tierney"},{"AC": 0, "AF": 13, "AR": 0, "AS": 3, "AST": 2, "AY": 0, "AwayTeam": "Newcastle", "Date": "2018-09-01", "FTAG": 1, "FTHG": 2, "FTR": "H", "HC": 4, "HF": 5, "HR": 0, "HS": 24, "HST": 8, "HTAG": 1, "HTHG": 1, "HTR": "D", "HY": 0, "HomeTeam": "Man City", "Referee": "K Friend"},{"AC": 4, "AF": 11, "AR": 0, "AS": 15, "AST": 6, "AY": 1, "AwayTeam": "Wolves", "Date": "2018-09-01", "FTAG": 1, "FTHG": 0, "FTR": "A", "HC": 4, "HF": 10, "HR": 0, "HS": 13, "HST": 3, "HTAG": 0, "HTHG": 0, "HTR": "D", "HY": 2, "HomeTeam": "West Ham", "Referee": "C Kavanagh"},{"AC": 5, "AF": 13, "AR": 1, "AS": 21, "AST": 9, "AY": 3, "AwayTeam": "Man United", "Date": "2018-09-02", "FTAG": 2, "FTHG": 0, "FTR": "A", "HC": 2, "HF": 7, "HR": 0, "HS": 9, "HST": 2, "HTAG": 2, "HTHG": 0, "HTR": "A", "HY": 2, "HomeTeam": "Burnley", "Referee": "J Moss"},{"AC": 9, "AF": 14, "AR": 0, "AS": 17, "AST": 11, "AY": 4, "AwayTeam": "Arsenal", "Date": "2018-09-02", "FTAG": 3, "FTHG": 2, "FTR": "A", "HC": 3, "HF": 12, "HR": 0, "HS": 14, "HST": 3, "HTAG": 1, "HTHG": 1, "HTR": "D", "HY": 3, "HomeTeam": "Cardiff", "Referee": "A Taylor"},{"AC": 10, "AF": 8, "AR": 0, "AS": 11, "AST": 2, "AY": 1, "AwayTeam": "Tottenham", "Date": "2018-09-02", "FTAG": 1, "FTHG": 2, "FTR": "H", "HC": 3, "HF": 9, "HR": 0, "HS": 7, "HST": 3, "HTAG": 0, "HTHG": 0, "HTR": "D", "HY": 2, "HomeTeam": "Watford", "Referee": "A Marriner"},{"AC": 6, "AF": 15, "AR": 1, "AS": 14, "AST": 8, "AY": 2, "AwayTeam": "Leicester", "Date": "2018-09-15", "FTAG": 2, "FTHG": 4, "FTR": "H", "HC": 4, "HF": 13, "HR": 0, "HS": 10, "HST": 5, "HTAG": 0, "HTHG": 3, "HTR": "H", "HY": 3, "HomeTeam": "Bournemouth", "Referee": "C Pawson"},{"AC": 4, "AF": 10, "AR": 0, "AS": 6, "AST": 2, "AY": 0, "AwayTeam": "Cardiff", "Date": "2018-09-15", "FTAG": 1, "FTHG": 4, "FTR": "H", "HC": 5, "HF": 8, "HR": 0, "HS": 18, "HST": 7, "HTAG": 1, "HTHG": 2, "HTR": "H", "HY": 0, "HomeTeam": "Chelsea", "Referee": "J Moss"},{"AC": 3, "AF": 17, "AR": 0, "AS": 7, "AST": 2, "AY": 2, "AwayTeam": "Crystal Palace", "Date": "2018-09-15", "FTAG": 1, "FTHG": 0, "FTR": "A", "HC": 5, "HF": 11, "HR": 0, "HS": 15, "HST": 2, "HTAG": 1, "HTHG": 0, "HTR": "A", "HY": 1, "HomeTeam": "Huddersfield", "Referee": "L Mason"},{"AC": 4, "AF": 7, "AR": 0, "AS": 9, "AST": 3, "AY": 0, "AwayTeam": "Fulham", "Date": "2018-09-15", "FTAG": 0, "FTHG": 3, "FTR": "H", "HC": 10, "HF": 7, "HR": 0, "HS": 28, "HST": 9, "HTAG": 0, "HTHG": 2, "HTR": "H", "HY": 0, "HomeTeam": "Man City", "Referee": "S Attwell"},{"AC": 4, "AF": 11, "AR": 0, "AS": 12, "AST": 2, "AY": 0, "AwayTeam": "Arsenal", "Date": "2018-09-15", "FTAG": 2, "FTHG": 1, "FTR": "A", "HC": 10, "HF": 13, "HR": 0, "HS": 4, "HST": 2, "HTAG": 0, "HTHG": 0, "HTR": "D", "HY": 0, "HomeTeam": "Newcastle", "Referee": "L Probert"},{"AC": 4, "AF": 16, "AR": 0, "AS": 17, "AST": 10, "AY": 0, "AwayTeam": "Liverpool", "Date": "2018-09-15", "FTAG": 2, "FTHG": 1, "FTR": "A", "HC": 5, "HF": 17, "HR": 0, "HS": 11, "HST": 3, "HTAG": 1, "HTHG": 0, "HTR": "A", "HY": 0, "HomeTeam": "Tottenham", "Referee": "M Oliver"},{"AC": 8, "AF": 11, "AR": 1, "AS": 9, "AST": 6, "AY": 1, "AwayTeam": "Man United", "Date": "2018-09-15", "FTAG": 2, "FTHG": 1, "FTR": "A", "HC": 6, "HF": 9, "HR": 0, "HS": 14, "HST": 5, "HTAG": 2, "HTHG": 0, "HTR": "A", "HY": 2, "HomeTeam": "Watford", "Referee": "M Dean"},{"AC": 2, "AF": 12, "AR": 0, "AS": 9, "AST": 4, "AY": 5, "AwayTeam": "West Ham", "Date": "2018-09-16", "FTAG": 3, "FTHG": 1, "FTR": "A", "HC": 4, "HF": 15, "HR": 0, "HS": 16, "HST": 4, "HTAG": 2, "HTHG": 1, "HTR": "A", "HY": 2, "HomeTeam": "Everton", "Referee": "M Atkinson"},{"AC": 2, "AF": 9, "AR": 0, "AS": 7, "AST": 2, "AY": 4, "AwayTeam": "Burnley", "Date": "2018-09-16", "FTAG": 0, "FTHG": 1, "FTR": "H", "HC": 8, "HF": 10, "HR": 0, "HS": 30, "HST": 7, "HTAG": 0, "HTHG": 0, "HTR": "D", "HY": 2, "HomeTeam": "Wolves", "Referee": "A Marriner"},{"AC": 4, "AF": 13, "AR": 0, "AS": 12, "AST": 4, "AY": 3, "AwayTeam": "Brighton", "Date": "2018-09-17", "FTAG": 2, "FTHG": 2, "FTR": "D", "HC": 1, "HF": 10, "HR": 0, "HS": 14, "HST": 5, "HTAG": 0, "HTHG": 1, "HTR": "H", "HY": 2, "HomeTeam": "Southampton", "Referee": "A Taylor"},{"AC": 7, "AF": 9, "AR": 0, "AS": 16, "AST": 7, "AY": 1, "AwayTeam": "Tottenham", "Date": "2018-09-22", "FTAG": 2, "FTHG": 1, "FTR": "A", "HC": 5, "HF": 15, "HR": 0, "HS": 8, "HST": 4, "HTAG": 1, "HTHG": 0, "HTR": "A", "HY": 2, "HomeTeam": "Brighton", "Referee": "C Kavanagh"},{"AC": 8, "AF": 6, "AR": 0, "AS": 19, "AST": 5, "AY": 0, "AwayTeam": "Bournemouth", "Date": "2018-09-22", "FTAG": 0, "FTHG": 4, "FTR": "H", "HC": 3, "HF": 17, "HR": 0, "HS": 12, "HST": 5, "HTAG": 0, "HTHG": 2, "HTR": "H", "HY": 2, "HomeTeam": "Burnley", "Referee": "A Taylor"},{"AC": 9, "AF": 4, "AR": 0, "AS": 21, "AST": 10, "AY": 1, "AwayTeam": "Man City", "Date": "2018-09-22", "FTAG": 5, "FTHG": 0, "FTR": "A", "HC": 1, "HF": 6, "HR": 0, "HS": 2, "HST": 2, "HTAG": 3, "HTHG": 0, "HTR": "A", "HY": 1, "HomeTeam": "Cardiff", "Referee": "M Oliver"},{"AC": 5, "AF": 11, "AR": 0, "AS": 6, "AST": 3, "AY": 1, "AwayTeam": "Newcastle", "Date": "2018-09-22", "FTAG": 0, "FTHG": 0, "FTR": "D", "HC": 9, "HF": 8, "HR": 0, "HS": 16, "HST": 4, "HTAG": 0, "HTHG": 0, "HTR": "D", "HY": 1, "HomeTeam": "Crystal Palace", "Referee": "A Marriner"},{"AC": 8, "AF": 9, "AR": 0, "AS": 11, "AST": 6, "AY": 1, "AwayTeam": "Watford", "Date": "2018-09-22", "FTAG": 1, "FTHG": 1, "FTR": "D", "HC": 8, "HF": 11, "HR": 0, "HS": 15, "HST": 3, "HTAG": 1, "HTHG": 0, "HTR": "A", "HY": 2, "HomeTeam": "Fulham", "Referee": "M Atkinson"},{"AC": 1, "AF": 16, "AR": 0, "AS": 9, "AST": 2, "AY": 1, "AwayTeam": "Huddersfield", "Date": "2018-09-22", "FTAG": 1, "FTHG": 3, "FTR": "H", "HC": 3, "HF": 10, "HR": 0, "HS": 18, "HST": 8, "HTAG": 1, "HTHG": 1, "HTR": "D", "HY": 2, "HomeTeam": "Leicester", "Referee": "D Coote"},{"AC": 4, "AF": 10, "AR": 0, "AS": 7, "AST": 1, "AY": 2, "AwayTeam": "Southampton", "Date": "2018-09-22", "FTAG": 0, "FTHG": 3, "FTR": "H", "HC": 5, "HF": 7, "HR": 0, "HS": 12, "HST": 4, "HTAG": 0, "HTHG": 3, "HTR": "H", "HY": 0, "HomeTeam": "Liverpool", "Referee": "P Tierney"},{"AC": 4, "AF": 17, "AR": 0, "AS": 11, "AST": 8, "AY": 1, "AwayTeam": "Wolves", "Date": "2018-09-22", "FTAG": 1, "FTHG": 1, "FTR": "D", "HC": 5, "HF": 5, "HR": 0, "HS": 15, "HST": 6, "HTAG": 0, "HTHG": 1, "HTR": "H", "HY": 1, "HomeTeam": "Man United", "Referee": "K Friend"},{"AC": 9, "AF": 12, "AR": 0, "AS": 9, "AST": 6, "AY": 1, "AwayTeam": "Everton", "Date": "2018-09-23", "FTAG": 0, "FTHG": 2, "FTR": "H", "HC": 5, "HF": 17, "HR": 0, "HS": 9, "HST": 5, "HTAG": 0, "HTHG": 0, "HTR": "D", "HY": 2, "HomeTeam": "Arsenal", "Referee": "J Moss"},{"AC": 8, "AF": 9, "AR": 0, "AS": 17, "AST": 6, "AY": 1, "AwayTeam": "Chelsea", "Date": "2018-09-23", "FTAG": 0, "FTHG": 0, "FTR": "D", "HC": 1, "HF": 11, "HR": 0, "HS": 6, "HST": 1, "HTAG": 0, "HTHG": 0, "HTR": "D", "HY": 2, "HomeTeam": "West Ham", "Referee": "M Dean"},{"AC": 6, "AF": 17, "AR": 0, "AS": 13, "AST": 4, "AY": 2, "AwayTeam": "Watford", "Date": "2018-09-29", "FTAG": 0, "FTHG": 2, "FTR": "H", "HC": 6, "HF": 11, "HR": 0, "HS": 9, "HST": 2, "HTAG": 0, "HTHG": 0, "HTR": "D", "HY": 2, "HomeTeam": "Arsenal", "Referee": "A Taylor"},{"AC": 4, "AF": 9, "AR": 0, "AS": 13, "AST": 6, "AY": 2, "AwayTeam": "Liverpool", "Date": "2018-09-29", "FTAG": 1, "FTHG": 1, "FTR": "D", "HC": 4, "HF": 7, "HR": 0, "HS": 10, "HST": 4, "HTAG": 0, "HTHG": 1, "HTR": "H", "HY": 0, "HomeTeam": "Chelsea", "Referee": "A Marriner"},{"AC": 1, "AF": 13, "AR": 0, "AS": 6, "AST": 0, "AY": 3, "AwayTeam": "Fulham", "Date": "2018-09-29", "FTAG": 0, "FTHG": 3, "FTR": "H", "HC": 12, "HF": 13, "HR": 0, "HS": 19, "HST": 6, "HTAG": 0, "HTHG": 0, "HTR": "D", "HY": 0, "HomeTeam": "Everton", "Referee": "R East"},{"AC": 0, "AF": 16, "AR": 0, "AS": 10, "AST": 6, "AY": 2, "AwayTeam": "Tottenham", "Date": "2018-09-29", "FTAG": 2, "FTHG": 0, "FTR": "A", "HC": 3, "HF": 17, "HR": 0, "HS": 9, "HST": 5, "HTAG": 2, "HTHG": 0, "HTR": "A", "HY": 2, "HomeTeam": "Huddersfield", "Referee": "C Pawson"},{"AC": 3, "AF": 10, "AR": 0, "AS": 4, "AST": 1, "AY": 3, "AwayTeam": "Brighton", "Date": "2018-09-29", "FTAG": 0, "FTHG": 2, "FTR": "H", "HC": 10, "HF": 4, "HR": 0, "HS": 28, "HST": 8, "HTAG": 0, "HTHG": 1, "HTR": "H", "HY": 0, "HomeTeam": "Man City", "Referee": "L Mason"},{"AC": 9, "AF": 5, "AR": 0, "AS": 12, "AST": 5, "AY": 0, "AwayTeam": "Leicester", "Date": "2018-09-29", "FTAG": 2, "FTHG": 0, "FTR": "A", "HC": 5, "HF": 11, "HR": 0, "HS": 6, "HST": 1, "HTAG": 1, "HTHG": 0, "HTR": "A", "HY": 0, "HomeTeam": "Newcastle", "Referee": "S Hooper"},{"AC": 9, "AF": 12, "AR": 0, "AS": 9, "AST": 4, "AY": 1, "AwayTeam": "Man United", "Date": "2018-09-29", "FTAG": 1, "FTHG": 3, "FTR": "H", "HC": 4, "HF": 12, "HR": 0, "HS": 8, "HST": 3, "HTAG": 0, "HTHG": 2, "HTR": "H", "HY": 0, "HomeTeam": "West Ham", "Referee": "M Oliver"},{"AC": 6, "AF": 7, "AR": 0, "AS": 17, "AST": 6, "AY": 1, "AwayTeam": "Southampton", "Date": "2018-09-29", "FTAG": 0, "FTHG": 2, "FTR": "H", "HC": 8, "HF": 11, "HR": 0, "HS": 14, "HST": 6, "HTAG": 0, "HTHG": 0, "HTR": "D", "HY": 3, "HomeTeam": "Wolves", "Referee": "S Attwell"},{"AC": 2, "AF": 15, "AR": 0, "AS": 3, "AST": 2, "AY": 3, "AwayTeam": "Burnley", "Date": "2018-09-30", "FTAG": 2, "FTHG": 1, "FTR": "A", "HC": 10, "HF": 11, "HR": 0, "HS": 19, "HST": 5, "HTAG": 0, "HTHG": 0, "HTR": "D", "HY": 1, "HomeTeam": "Cardiff", "Referee": "M Atkinson"},{"AC": 3, "AF": 12, "AR": 0, "AS": 10, "AST": 2, "AY": 4, "AwayTeam": "Crystal Palace", "Date": "2018-10-01", "FTAG": 1, "FTHG": 2, "FTR": "H", "HC": 3, "HF": 9, "HR": 0, "HS": 11, "HST": 5, "HTAG": 0, "HTHG": 1, "HTR": "H", "HY": 3, "HomeTeam": "Bournemouth", "Referee": "M Dean"},{"AC": 9, "AF": 8, "AR": 0, "AS": 17, "AST": 4, "AY": 2, "AwayTeam": "West Ham", "Date": "2018-10-05", "FTAG": 0, "FTHG": 1, "FTR": "H", "HC": 2, "HF": 12, "HR": 0, "HS": 9, "HST": 4, "HTAG": 0, "HTHG": 1, "HTR": "H", "HY": 3, "HomeTeam": "Brighton", "Referee": "K Friend"},{"AC": 10, "AF": 11, "AR": 0, "AS": 19, "AST": 2, "AY": 2, "AwayTeam": "Huddersfield", "Date": "2018-10-06", "FTAG": 1, "FTHG": 1, "FTR": "D", "HC": 1, "HF": 8, "HR": 0, "HS": 6, "HST": 3, "HTAG": 0, "HTHG": 1, "HTR": "H", "HY": 2, "HomeTeam": "Burnley", "Referee": "C Kavanagh"},{"AC": 3, "AF": 13, "AR": 0, "AS": 7, "AST": 2, "AY": 4, "AwayTeam": "Wolves", "Date": "2018-10-06", "FTAG": 1, "FTHG": 0, "FTR": "A", "HC": 6, "HF": 11, "HR": 0, "HS": 11, "HST": 4, "HTAG": 0, "HTHG": 0, "HTR": "D", "HY": 3, "HomeTeam": "Crystal Palace", "Referee": "M Oliver"},{"AC": 10, "AF": 11, "AR": 0, "AS": 17, "AST": 8, "AY": 1, "AwayTeam": "Everton", "Date": "2018-10-06", "FTAG": 2, "FTHG": 1, "FTR": "A", "HC": 2, "HF": 10, "HR": 1, "HS": 8, "HST": 2, "HTAG": 1, "HTHG": 1, "HTR": "D", "HY": 2, "HomeTeam": "Leicester", "Referee": "A Marriner"},{"AC": 6, "AF": 8, "AR": 0, "AS": 13, "AST": 8, "AY": 2, "AwayTeam": "Newcastle", "Date": "2018-10-06", "FTAG": 2, "FTHG": 3, "FTR": "H", "HC": 10, "HF": 16, "HR": 0, "HS": 18, "HST": 10, "HTAG": 2, "HTHG": 0, "HTR": "A", "HY": 2, "HomeTeam": "Man United", "Referee": "A Taylor"},{"AC": 2, "AF": 11, "AR": 1, "AS": 8, "AST": 6, "AY": 1, "AwayTeam": "Cardiff", "Date": "2018-10-06", "FTAG": 0, "FTHG": 1, "FTR": "H", "HC": 6, "HF": 7, "HR": 0, "HS": 19, "HST": 7, "HTAG": 0, "HTHG": 1, "HTR": "H", "HY": 2, "HomeTeam": "Tottenham", "Referee": "M Dean"},{"AC": 7, "AF": 9, "AR": 0, "AS": 10, "AST": 7, "AY": 1, "AwayTeam": "Bournemouth", "Date": "2018-10-06", "FTAG": 4, "FTHG": 0, "FTR": "A", "HC": 10, "HF": 11, "HR": 1, "HS": 14, "HST": 2, "HTAG": 3, "HTHG": 0, "HTR": "A", "HY": 3, "HomeTeam": "Watford", "Referee": "J Moss"},{"AC": 2, "AF": 12, "AR": 0, "AS": 9, "AST": 7, "AY": 0, "AwayTeam": "Arsenal", "Date": "2018-10-07", "FTAG": 5, "FTHG": 1, "FTR": "A", "HC": 4, "HF": 11, "HR": 0, "HS": 21, "HST": 4, "HTAG": 1, "HTHG": 1, "HTR": "D", "HY": 2, "HomeTeam": "Fulham", "Referee": "P Tierney"},{"AC": 6, "AF": 10, "AR": 0, "AS": 6, "AST": 2, "AY": 3, "AwayTeam": "Man City", "Date": "2018-10-07", "FTAG": 0, "FTHG": 0, "FTR": "D", "HC": 2, "HF": 10, "HR": 0, "HS": 7, "HST": 2, "HTAG": 0, "HTHG": 0, "HTR": "D", "HY": 1, "HomeTeam": "Liverpool", "Referee": "M Atkinson"},{"AC": 12, "AF": 11, "AR": 0, "AS": 21, "AST": 6, "AY": 0, "AwayTeam": "Chelsea", "Date": "2018-10-07", "FTAG": 3, "FTHG": 0, "FTR": "A", "HC": 4, "HF": 13, "HR": 0, "HS": 15, "HST": 6, "HTAG": 1, "HTHG": 0, "HTR": "A", "HY": 6, "HomeTeam": "Southampton", "Referee": "C Pawson"},{"AC": 4, "AF": 14, "AR": 0, "AS": 8, "AST": 4, "AY": 2, "AwayTeam": "Southampton", "Date": "2018-10-20", "FTAG": 0, "FTHG": 0, "FTR": "D", "HC": 6, "HF": 10, "HR": 0, "HS": 10, "HST": 2, "HTAG": 0, "HTHG": 0, "HTR": "D", "HY": 1, "HomeTeam": "Bournemouth", "Referee": "L Probert"},{"AC": 4, "AF": 16, "AR": 0, "AS": 9, "AST": 4, "AY": 3, "AwayTeam": "Fulham", "Date": "2018-10-20", "FTAG": 2, "FTHG": 4, "FTR": "H", "HC": 4, "HF": 15, "HR": 0, "HS": 22, "HST": 5, "HTAG": 2, "HTHG": 2, "HTR": "D", "HY": 3, "HomeTeam": "Cardiff", "Referee": "K Friend"},{"AC": 3, "AF": 17, "AR": 0, "AS": 7, "AST": 4, "AY": 5, "AwayTeam": "Man United", "Date": "2018-10-20", "FTAG": 2, "FTHG": 2, "FTR": "D", "HC": 5, "HF": 9, "HR": 0, "HS": 21, "HST": 6, "HTAG": 0, "HTHG": 1, "HTR": "H", "HY": 2, "HomeTeam": "Chelsea", "Referee": "M Dean"},{"AC": 4, "AF": 6, "AR": 0, "AS": 11, "AST": 2, "AY": 2, "AwayTeam": "Liverpool", "Date": "2018-10-20", "FTAG": 1, "FTHG": 0, "FTR": "A", "HC": 2, "HF": 9, "HR": 0, "HS": 13, "HST": 1, "HTAG": 1, "HTHG": 0, "HTR": "A", "HY": 0, "HomeTeam": "Huddersfield", "Referee": "M Oliver"},{"AC": 1, "AF": 5, "AR": 0, "AS": 5, "AST": 0, "AY": 2, "AwayTeam": "Burnley", "Date": "2018-10-20", "FTAG": 0, "FTHG": 5, "FTR": "H", "HC": 10, "HF": 11, "HR": 0, "HS": 24, "HST": 10, "HTAG": 0, "HTHG": 1, "HTR": "H", "HY": 2, "HomeTeam": "Man City", "Referee": "J Moss"},{"AC": 2, "AF": 17, "AR": 0, "AS": 8, "AST": 2, "AY": 2, "AwayTeam": "Brighton", "Date": "2018-10-20", "FTAG": 1, "FTHG": 0, "FTR": "A", "HC": 10, "HF": 13, "HR": 0, "HS": 27, "HST": 6, "HTAG": 1, "HTHG": 0, "HTR": "A", "HY": 0, "HomeTeam": "Newcastle", "Referee": "A Marriner"},{"AC": 6, "AF": 10, "AR": 0, "AS": 10, "AST": 2, "AY": 0, "AwayTeam": "Tottenham", "Date": "2018-10-20", "FTAG": 1, "FTHG": 0, "FTR": "A", "HC": 10, "HF": 8, "HR": 0, "HS": 13, "HST": 4, "HTAG": 1, "HTHG": 0, "HTR": "A", "HY": 3, "HomeTeam": "West Ham", "Referee": "M Atkinson"},{"AC": 2, "AF": 13, "AR": 0, "AS": 9, "AST": 3, "AY": 1, "AwayTeam": "Watford", "Date": "2018-10-20", "FTAG": 2, "FTHG": 0, "FTR": "A", "HC": 8, "HF": 23, "HR": 0, "HS": 10, "HST": 1, "HTAG": 2, "HTHG": 0, "HTR": "A", "HY": 3, "HomeTeam": "Wolves", "Referee": "L Mason"},{"AC": 5, "AF": 17, "AR": 0, "AS": 7, "AST": 3, "AY": 1, "AwayTeam": "Crystal Palace", "Date": "2018-10-21", "FTAG": 0, "FTHG": 2, "FTR": "H", "HC": 10, "HF": 13, "HR": 0, "HS": 20, "HST": 4, "HTAG": 0, "HTHG": 0, "HTR": "D", "HY": 2, "HomeTeam": "Everton", "Referee": "A Taylor"},{"AC": 4, "AF": 10, "AR": 0, "AS": 8, "AST": 2, "AY": 2, "AwayTeam": "Leicester", "Date": "2018-10-22", "FTAG": 1, "FTHG": 3, "FTR": "H", "HC": 6, "HF": 10, "HR": 0, "HS": 19, "HST": 6, "HTAG": 1, "HTHG": 1, "HTR": "D", "HY": 2, "HomeTeam": "Arsenal", "Referee": "C Kavanagh"},{"AC": 10, "AF": 8, "AR": 0, "AS": 25, "AST": 7, "AY": 0, "AwayTeam": "Wolves", "Date": "2018-10-27", "FTAG": 0, "FTHG": 1, "FTR": "H", "HC": 1, "HF": 11, "HR": 0, "HS": 2, "HST": 1, "HTAG": 0, "HTHG": 0, "HTR": "D", "HY": 3, "HomeTeam": "Brighton", "Referee": "A Taylor"},{"AC": 5, "AF": 3, "AR": 0, "AS": 12, "AST": 5, "AY": 1, "AwayTeam": "Bournemouth", "Date": "2018-10-27", "FTAG": 3, "FTHG": 0, "FTR": "A", "HC": 5, "HF": 16, "HR": 1, "HS": 11, "HST": 1, "HTAG": 1, "HTHG": 0, "HTR": "A", "HY": 2, "HomeTeam": "Fulham", "Referee": "A Marriner"},{"AC": 0, "AF": 5, "AR": 1, "AS": 11, "AST": 3, "AY": 1, "AwayTeam": "West Ham", "Date": "2018-10-27", "FTAG": 1, "FTHG": 1, "FTR": "D", "HC": 8, "HF": 17, "HR": 0, "HS": 21, "HST": 7, "HTAG": 1, "HTHG": 0, "HTR": "A", "HY": 1, "HomeTeam": "Leicester", "Referee": "M Oliver"},{"AC": 0, "AF": 4, "AR": 0, "AS": 2, "AST": 1, "AY": 0, "AwayTeam": "Cardiff", "Date": "2018-10-27", "FTAG": 1, "FTHG": 4, "FTR": "H", "HC": 8, "HF": 6, "HR": 0, "HS": 19, "HST": 7, "HTAG": 0, "HTHG": 1, "HTR": "H", "HY": 0, "HomeTeam": "Liverpool", "Referee": "S Attwell"},{"AC": 2, "AF": 12, "AR": 0, "AS": 6, "AST": 0, "AY": 1, "AwayTeam": "Newcastle", "Date": "2018-10-27", "FTAG": 0, "FTHG": 0, "FTR": "D", "HC": 7, "HF": 9, "HR": 0, "HS": 22, "HST": 4, "HTAG": 0, "HTHG": 0, "HTR": "D", "HY": 0, "HomeTeam": "Southampton", "Referee": "C Kavanagh"},{"AC": 3, "AF": 13, "AR": 0, "AS": 13, "AST": 7, "AY": 2, "AwayTeam": "Huddersfield", "Date": "2018-10-27", "FTAG": 0, "FTHG": 3, "FTR": "H", "HC": 3, "HF": 9, "HR": 0, "HS": 12, "HST": 6, "HTAG": 0, "HTHG": 2, "HTR": "H", "HY": 1, "HomeTeam": "Watford", "Referee": "M Dean"},{"AC": 4, "AF": 10, "AR": 0, "AS": 24, "AST": 8, "AY": 2, "AwayTeam": "Chelsea", "Date": "2018-10-28", "FTAG": 4, "FTHG": 0, "FTR": "A", "HC": 4, "HF": 14, "HR": 0, "HS": 7, "HST": 1, "HTAG": 1, "HTHG": 0, "HTR": "A", "HY": 4, "HomeTeam": "Burnley", "Referee": "C Pawson"},{"AC": 4, "AF": 16, "AR": 0, "AS": 7, "AST": 2, "AY": 2, "AwayTeam": "Arsenal", "Date": "2018-10-28", "FTAG": 2, "FTHG": 2, "FTR": "D", "HC": 6, "HF": 10, "HR": 0, "HS": 16, "HST": 3, "HTAG": 0, "HTHG": 1, "HTR": "H", "HY": 1, "HomeTeam": "Crystal Palace", "Referee": "M Atkinson"},{"AC": 4, "AF": 12, "AR": 0, "AS": 14, "AST": 6, "AY": 1, "AwayTeam": "Everton", "Date": "2018-10-28", "FTAG": 1, "FTHG": 2, "FTR": "H", "HC": 8, "HF": 15, "HR": 0, "HS": 14, "HST": 10, "HTAG": 0, "HTHG": 1, "HTR": "H", "HY": 2, "HomeTeam": "Man United", "Referee": "J Moss"},{"AC": 6, "AF": 13, "AR": 0, "AS": 13, "AST": 6, "AY": 2, "AwayTeam": "Man City", "Date": "2018-10-29", "FTAG": 1, "FTHG": 0, "FTR": "A", "HC": 3, "HF": 13, "HR": 0, "HS": 4, "HST": 1, "HTAG": 1, "HTHG": 0, "HTR": "A", "HY": 2, "HomeTeam": "Tottenham", "Referee": "K Friend"},{"AC": 8, "AF": 7, "AR": 0, "AS": 13, "AST": 4, "AY": 1, "AwayTeam": "Liverpool", "Date": "2018-11-03", "FTAG": 1, "FTHG": 1, "FTR": "D", "HC": 5, "HF": 7, "HR": 0, "HS": 12, "HST": 4, "HTAG": 0, "HTHG": 0, "HTR": "D", "HY": 1, "HomeTeam": "Arsenal", "Referee": "A Marriner"},{"AC": 5, "AF": 12, "AR": 0, "AS": 18, "AST": 8, "AY": 3, "AwayTeam": "Man United", "Date": "2018-11-03", "FTAG": 2, "FTHG": 1, "FTR": "A", "HC": 9, "HF": 12, "HR": 0, "HS": 18, "HST": 7, "HTAG": 1, "HTHG": 1, "HTR": "D", "HY": 4, "HomeTeam": "Bournemouth", "Referee": "P Tierney"},{"AC": 12, "AF": 12, "AR": 0, "AS": 13, "AST": 5, "AY": 2, "AwayTeam": "Leicester", "Date": "2018-11-03", "FTAG": 1, "FTHG": 0, "FTR": "A", "HC": 6, "HF": 13, "HR": 0, "HS": 11, "HST": 2, "HTAG": 0, "HTHG": 0, "HTR": "D", "HY": 2, "HomeTeam": "Cardiff", "Referee": "L Probert"},{"AC": 4, "AF": 17, "AR": 0, "AS": 5, "AST": 3, "AY": 1, "AwayTeam": "Brighton", "Date": "2018-11-03", "FTAG": 1, "FTHG": 3, "FTR": "H", "HC": 6, "HF": 9, "HR": 0, "HS": 14, "HST": 3, "HTAG": 1, "HTHG": 1, "HTR": "D", "HY": 0, "HomeTeam": "Everton", "Referee": "D Coote"},{"AC": 9, "AF": 11, "AR": 0, "AS": 16, "AST": 1, "AY": 5, "AwayTeam": "Watford", "Date": "2018-11-03", "FTAG": 0, "FTHG": 1, "FTR": "H", "HC": 8, "HF": 12, "HR": 0, "HS": 10, "HST": 2, "HTAG": 0, "HTHG": 0, "HTR": "D", "HY": 1, "HomeTeam": "Newcastle", "Referee": "C Pawson"},{"AC": 4, "AF": 9, "AR": 0, "AS": 6, "AST": 3, "AY": 4, "AwayTeam": "Burnley", "Date": "2018-11-03", "FTAG": 2, "FTHG": 4, "FTR": "H", "HC": 10, "HF": 7, "HR": 0, "HS": 22, "HST": 10, "HTAG": 1, "HTHG": 1, "HTR": "D", "HY": 1, "HomeTeam": "West Ham", "Referee": "R East"},{"AC": 1, "AF": 8, "AR": 0, "AS": 10, "AST": 8, "AY": 2, "AwayTeam": "Tottenham", "Date": "2018-11-03", "FTAG": 3, "FTHG": 2, "FTR": "A", "HC": 5, "HF": 11, "HR": 0, "HS": 16, "HST": 7, "HTAG": 2, "HTHG": 0, "HTR": "A", "HY": 1, "HomeTeam": "Wolves", "Referee": "M Dean"},{"AC": 2, "AF": 13, "AR": 0, "AS": 7, "AST": 2, "AY": 1, "AwayTeam": "Crystal Palace", "Date": "2018-11-04", "FTAG": 1, "FTHG": 3, "FTR": "H", "HC": 4, "HF": 6, "HR": 0, "HS": 15, "HST": 6, "HTAG": 0, "HTHG": 1, "HTR": "H", "HY": 0, "HomeTeam": "Chelsea", "Referee": "M Oliver"},{"AC": 4, "AF": 9, "AR": 0, "AS": 12, "AST": 6, "AY": 1, "AwayTeam": "Southampton", "Date": "2018-11-04", "FTAG": 1, "FTHG": 6, "FTR": "H", "HC": 4, "HF": 14, "HR": 0, "HS": 18, "HST": 8, "HTAG": 1, "HTHG": 4, "HTR": "H", "HY": 1, "HomeTeam": "Man City", "Referee": "L Mason"},{"AC": 4, "AF": 8, "AR": 0, "AS": 7, "AST": 1, "AY": 2, "AwayTeam": "Fulham", "Date": "2018-11-05", "FTAG": 0, "FTHG": 1, "FTR": "H", "HC": 5, "HF": 11, "HR": 0, "HS": 10, "HST": 2, "HTAG": 0, "HTHG": 1, "HTR": "H", "HY": 1, "HomeTeam": "Huddersfield", "Referee": "A Taylor"},{"AC": 1, "AF": 21, "AR": 1, "AS": 7, "AST": 3, "AY": 1, "AwayTeam": "Brighton", "Date": "2018-11-10", "FTAG": 1, "FTHG": 2, "FTR": "H", "HC": 4, "HF": 7, "HR": 0, "HS": 20, "HST": 6, "HTAG": 1, "HTHG": 1, "HTR": "D", "HY": 2, "HomeTeam": "Cardiff", "Referee": "M Atkinson"},{"AC": 6, "AF": 9, "AR": 0, "AS": 11, "AST": 2, "AY": 1, "AwayTeam": "Tottenham", "Date": "2018-11-10", "FTAG": 1, "FTHG": 0, "FTR": "A", "HC": 10, "HF": 12, "HR": 0, "HS": 11, "HST": 4, "HTAG": 0, "HTHG": 0, "HTR": "D", "HY": 1, "HomeTeam": "Crystal Palace", "Referee": "J Moss"},{"AC": 6, "AF": 8, "AR": 0, "AS": 12, "AST": 5, "AY": 1, "AwayTeam": "West Ham", "Date": "2018-11-10", "FTAG": 1, "FTHG": 1, "FTR": "D", "HC": 5, "HF": 9, "HR": 0, "HS": 15, "HST": 7, "HTAG": 0, "HTHG": 1, "HTR": "H", "HY": 1, "HomeTeam": "Huddersfield", "Referee": "C Kavanagh"},{"AC": 1, "AF": 10, "AR": 0, "AS": 6, "AST": 1, "AY": 0, "AwayTeam": "Burnley", "Date": "2018-11-10", "FTAG": 0, "FTHG": 0, "FTR": "D", "HC": 12, "HF": 13, "HR": 0, "HS": 22, "HST": 5, "HTAG": 0, "HTHG": 0, "HTR": "D", "HY": 2, "HomeTeam": "Leicester", "Referee": "M Dean"},{"AC": 10, "AF": 11, "AR": 0, "AS": 14, "AST": 4, "AY": 1, "AwayTeam": "Bournemouth", "Date": "2018-11-10", "FTAG": 1, "FTHG": 2, "FTR": "H", "HC": 7, "HF": 9, "HR": 0, "HS": 18, "HST": 6, "HTAG": 1, "HTHG": 2, "HTR": "H", "HY": 2, "HomeTeam": "Newcastle", "Referee": "L Probert"},{"AC": 6, "AF": 13, "AR": 0, "AS": 12, "AST": 6, "AY": 2, "AwayTeam": "Watford", "Date": "2018-11-10", "FTAG": 1, "FTHG": 1, "FTR": "D", "HC": 7, "HF": 13, "HR": 0, "HS": 14, "HST": 4, "HTAG": 0, "HTHG": 1, "HTR": "H", "HY": 3, "HomeTeam": "Southampton", "Referee": "S Hooper"},{"AC": 2, "AF": 16, "AR": 0, "AS": 12, "AST": 5, "AY": 2, "AwayTeam": "Wolves", "Date": "2018-11-11", "FTAG": 1, "FTHG": 1, "FTR": "D", "HC": 11, "HF": 9, "HR": 0, "HS": 10, "HST": 3, "HTAG": 1, "HTHG": 0, "HTR": "A", "HY": 2, "HomeTeam": "Arsenal", "Referee": "S Attwell"},{"AC": 5, "AF": 11, "AR": 0, "AS": 6, "AST": 1, "AY": 3, "AwayTeam": "Everton", "Date": "2018-11-11", "FTAG": 0, "FTHG": 0, "FTR": "D", "HC": 5, "HF": 7, "HR": 0, "HS": 15, "HST": 4, "HTAG": 0, "HTHG": 0, "HTR": "D", "HY": 4, "HomeTeam": "Chelsea", "Referee": "K Friend"},{"AC": 3, "AF": 9, "AR": 0, "AS": 8, "AST": 3, "AY": 1, "AwayTeam": "Fulham", "Date": "2018-11-11", "FTAG": 0, "FTHG": 2, "FTR": "H", "HC": 6, "HF": 11, "HR": 0, "HS": 20, "HST": 7, "HTAG": 0, "HTHG": 1, "HTR": "H", "HY": 1, "HomeTeam": "Liverpool", "Referee": "P Tierney"},{"AC": 1, "AF": 12, "AR": 0, "AS": 6, "AST": 1, "AY": 1, "AwayTeam": "Man United", "Date": "2018-11-11", "FTAG": 1, "FTHG": 3, "FTR": "H", "HC": 5, "HF": 12, "HR": 0, "HS": 17, "HST": 5, "HTAG": 0, "HTHG": 1, "HTR": "H", "HY": 1, "HomeTeam": "Man City", "Referee": "A Taylor"},{"AC": 1, "AF": 7, "AR": 1, "AS": 8, "AST": 3, "AY": 1, "AwayTeam": "Leicester", "Date": "2018-11-24", "FTAG": 1, "FTHG": 1, "FTR": "D", "HC": 6, "HF": 10, "HR": 0, "HS": 14, "HST": 3, "HTAG": 0, "HTHG": 1, "HTR": "H", "HY": 3, "HomeTeam": "Brighton", "Referee": "C Kavanagh"},{"AC": 3, "AF": 13, "AR": 0, "AS": 7, "AST": 1, "AY": 3, "AwayTeam": "Cardiff", "Date": "2018-11-24", "FTAG": 0, "FTHG": 1, "FTR": "H", "HC": 7, "HF": 12, "HR": 0, "HS": 16, "HST": 8, "HTAG": 0, "HTHG": 0, "HTR": "D", "HY": 0, "HomeTeam": "Everton", "Referee": "P Tierney"},{"AC": 5, "AF": 6, "AR": 0, "AS": 19, "AST": 8, "AY": 3, "AwayTeam": "Southampton", "Date": "2018-11-24", "FTAG": 2, "FTHG": 3, "FTR": "H", "HC": 2, "HF": 10, "HR": 0, "HS": 10, "HST": 5, "HTAG": 1, "HTHG": 2, "HTR": "H", "HY": 2, "HomeTeam": "Fulham", "Referee": "M Oliver"},{"AC": 3, "AF": 12, "AR": 0, "AS": 13, "AST": 2, "AY": 2, "AwayTeam": "Crystal Palace", "Date": "2018-11-24", "FTAG": 0, "FTHG": 0, "FTR": "D", "HC": 10, "HF": 13, "HR": 0, "HS": 12, "HST": 5, "HTAG": 0, "HTHG": 0, "HTR": "D", "HY": 1, "HomeTeam": "Man United", "Referee": "L Mason"},{"AC": 4, "AF": 12, "AR": 0, "AS": 13, "AST": 2, "AY": 3, "AwayTeam": "Chelsea", "Date": "2018-11-24", "FTAG": 1, "FTHG": 3, "FTR": "H", "HC": 4, "HF": 19, "HR": 0, "HS": 18, "HST": 9, "HTAG": 0, "HTHG": 2, "HTR": "H", "HY": 0, "HomeTeam": "Tottenham", "Referee": "M Atkinson"},{"AC": 5, "AF": 13, "AR": 1, "AS": 10, "AST": 7, "AY": 0, "AwayTeam": "Liverpool", "Date": "2018-11-24", "FTAG": 3, "FTHG": 0, "FTR": "A", "HC": 5, "HF": 12, "HR": 0, "HS": 5, "HST": 1, "HTAG": 0, "HTHG": 0, "HTR": "D", "HY": 0, "HomeTeam": "Watford", "Referee": "J Moss"},{"AC": 1, "AF": 3, "AR": 0, "AS": 9, "AST": 6, "AY": 0, "AwayTeam": "Man City", "Date": "2018-11-24", "FTAG": 4, "FTHG": 0, "FTR": "A", "HC": 8, "HF": 6, "HR": 0, "HS": 9, "HST": 1, "HTAG": 3, "HTHG": 0, "HTR": "A", "HY": 0, "HomeTeam": "West Ham", "Referee": "A Marriner"},{"AC": 8, "AF": 9, "AR": 0, "AS": 20, "AST": 4, "AY": 1, "AwayTeam": "Arsenal", "Date": "2018-11-25", "FTAG": 2, "FTHG": 1, "FTR": "A", "HC": 5, "HF": 6, "HR": 0, "HS": 11, "HST": 5, "HTAG": 1, "HTHG": 1, "HTR": "D", "HY": 2, "HomeTeam": "Bournemouth", "Referee": "C Pawson"},{"AC": 5, "AF": 8, "AR": 0, "AS": 14, "AST": 6, "AY": 2, "AwayTeam": "Huddersfield", "Date": "2018-11-25", "FTAG": 2, "FTHG": 0, "FTR": "A", "HC": 3, "HF": 9, "HR": 0, "HS": 12, "HST": 3, "HTAG": 1, "HTHG": 0, "HTR": "A", "HY": 1, "HomeTeam": "Wolves", "Referee": "K Friend"},{"AC": 5, "AF": 11, "AR": 0, "AS": 17, "AST": 3, "AY": 1, "AwayTeam": "Newcastle", "Date": "2018-11-26", "FTAG": 2, "FTHG": 1, "FTR": "A", "HC": 5, "HF": 6, "HR": 0, "HS": 14, "HST": 4, "HTAG": 2, "HTHG": 1, "HTR": "A", "HY": 0, "HomeTeam": "Burnley", "Referee": "A Taylor"},{"AC": 6, "AF": 12, "AR": 0, "AS": 15, "AST": 4, "AY": 2, "AwayTeam": "Wolves", "Date": "2018-11-30", "FTAG": 1, "FTHG": 2, "FTR": "H", "HC": 7, "HF": 3, "HR": 0, "HS": 17, "HST": 3, "HTAG": 1, "HTHG": 0, "HTR": "A", "HY": 1, "HomeTeam": "Cardiff", "Referee": "A Marriner"},{"AC": 2, "AF": 10, "AR": 0, "AS": 4, "AST": 0, "AY": 1, "AwayTeam": "Burnley", "Date": "2018-12-01", "FTAG": 0, "FTHG": 2, "FTR": "H", "HC": 10, "HF": 9, "HR": 0, "HS": 29, "HST": 9, "HTAG": 0, "HTHG": 1, "HTR": "H", "HY": 1, "HomeTeam": "Crystal Palace", "Referee": "L Probert"},{"AC": 6, "AF": 12, "AR": 0, "AS": 14, "AST": 6, "AY": 2, "AwayTeam": "Brighton", "Date": "2018-12-01", "FTAG": 2, "FTHG": 1, "FTR": "A", "HC": 2, "HF": 10, "HR": 1, "HS": 7, "HST": 2, "HTAG": 1, "HTHG": 1, "HTR": "D", "HY": 0, "HomeTeam": "Huddersfield", "Referee": "M Oliver"},{"AC": 8, "AF": 6, "AR": 1, "AS": 8, "AST": 0, "AY": 1, "AwayTeam": "Watford", "Date": "2018-12-01", "FTAG": 0, "FTHG": 2, "FTR": "H", "HC": 4, "HF": 7, "HR": 0, "HS": 7, "HST": 3, "HTAG": 0, "HTHG": 2, "HTR": "H", "HY": 2, "HomeTeam": "Leicester", "Referee": "G Scott"},{"AC": 4, "AF": 3, "AR": 0, "AS": 4, "AST": 1, "AY": 0, "AwayTeam": "Bournemouth", "Date": "2018-12-01", "FTAG": 1, "FTHG": 3, "FTR": "H", "HC": 8, "HF": 9, "HR": 0, "HS": 16, "HST": 6, "HTAG": 1, "HTHG": 1, "HTR": "D", "HY": 0, "HomeTeam": "Man City", "Referee": "S Attwell"},{"AC": 3, "AF": 10, "AR": 0, "AS": 7, "AST": 4, "AY": 3, "AwayTeam": "West Ham", "Date": "2018-12-01", "FTAG": 3, "FTHG": 0, "FTR": "A", "HC": 7, "HF": 10, "HR": 0, "HS": 16, "HST": 4, "HTAG": 1, "HTHG": 0, "HTR": "A", "HY": 3, "HomeTeam": "Newcastle", "Referee": "P Tierney"},{"AC": 5, "AF": 13, "AR": 0, "AS": 11, "AST": 5, "AY": 4, "AwayTeam": "Man United", "Date": "2018-12-01", "FTAG": 2, "FTHG": 2, "FTR": "D", "HC": 3, "HF": 12, "HR": 0, "HS": 16, "HST": 6, "HTAG": 2, "HTHG": 2, "HTR": "D", "HY": 4, "HomeTeam": "Southampton", "Referee": "K Friend"},{"AC": 5, "AF": 17, "AR": 1, "AS": 11, "AST": 6, "AY": 3, "AwayTeam": "Tottenham", "Date": "2018-12-02", "FTAG": 2, "FTHG": 4, "FTR": "H", "HC": 8, "HF": 15, "HR": 0, "HS": 22, "HST": 7, "HTAG": 2, "HTHG": 1, "HTR": "A", "HY": 3, "HomeTeam": "Arsenal", "Referee": "M Dean"},{"AC": 6, "AF": 17, "AR": 0, "AS": 9, "AST": 4, "AY": 1, "AwayTeam": "Fulham", "Date": "2018-12-02", "FTAG": 0, "FTHG": 2, "FTR": "H", "HC": 4, "HF": 8, "HR": 0, "HS": 16, "HST": 9, "HTAG": 0, "HTHG": 1, "HTR": "H", "HY": 2, "HomeTeam": "Chelsea", "Referee": "C Pawson"},{"AC": 1, "AF": 7, "AR": 0, "AS": 9, "AST": 3, "AY": 2, "AwayTeam": "Everton", "Date": "2018-12-02", "FTAG": 0, "FTHG": 1, "FTR": "H", "HC": 8, "HF": 12, "HR": 0, "HS": 16, "HST": 3, "HTAG": 0, "HTHG": 0, "HTR": "D", "HY": 3, "HomeTeam": "Liverpool", "Referee": "C Kavanagh"},{"AC": 8, "AF": 11, "AR": 0, "AS": 23, "AST": 6, "AY": 2, "AwayTeam": "Huddersfield", "Date": "2018-12-04", "FTAG": 1, "FTHG": 2, "FTR": "H", "HC": 4, "HF": 14, "HR": 0, "HS": 6, "HST": 2, "HTAG": 1, "HTHG": 2, "HTR": "H", "HY": 4, "HomeTeam": "Bournemouth", "Referee": "R East"},{"AC": 5, "AF": 12, "AR": 0, "AS": 18, "AST": 5, "AY": 3, "AwayTeam": "Crystal Palace", "Date": "2018-12-04", "FTAG": 1, "FTHG": 3, "FTR": "H", "HC": 4, "HF": 14, "HR": 1, "HS": 9, "HST": 3, "HTAG": 0, "HTHG": 3, "HTR": "H", "HY": 2, "HomeTeam": "Brighton", "Referee": "K Friend"},{"AC": 11, "AF": 8, "AR": 0, "AS": 15, "AST": 7, "AY": 1, "AwayTeam": "Man City", "Date": "2018-12-04", "FTAG": 2, "FTHG": 1, "FTR": "A", "HC": 3, "HF": 4, "HR": 0, "HS": 11, "HST": 7, "HTAG": 1, "HTHG": 0, "HTR": "A", "HY": 0, "HomeTeam": "Watford", "Referee": "P Tierney"},{"AC": 4, "AF": 10, "AR": 0, "AS": 9, "AST": 5, "AY": 2, "AwayTeam": "Cardiff", "Date": "2018-12-04", "FTAG": 1, "FTHG": 3, "FTR": "H", "HC": 10, "HF": 10, "HR": 0, "HS": 17, "HST": 11, "HTAG": 0, "HTHG": 0, "HTR": "D", "HY": 1, "HomeTeam": "West Ham", "Referee": "G Scott"},{"AC": 9, "AF": 3, "AR": 0, "AS": 18, "AST": 12, "AY": 0, "AwayTeam": "Liverpool", "Date": "2018-12-05", "FTAG": 3, "FTHG": 1, "FTR": "A", "HC": 5, "HF": 10, "HR": 0, "HS": 10, "HST": 6, "HTAG": 0, "HTHG": 0, "HTR": "D", "HY": 1, "HomeTeam": "Burnley", "Referee": "S Attwell"},{"AC": 2, "AF": 18, "AR": 0, "AS": 8, "AST": 5, "AY": 5, "AwayTeam": "Newcastle", "Date": "2018-12-05", "FTAG": 1, "FTHG": 1, "FTR": "D", "HC": 14, "HF": 7, "HR": 0, "HS": 19, "HST": 3, "HTAG": 1, "HTHG": 1, "HTR": "D", "HY": 0, "HomeTeam": "Everton", "Referee": "L Mason"},{"AC": 8, "AF": 7, "AR": 0, "AS": 13, "AST": 5, "AY": 0, "AwayTeam": "Leicester", "Date": "2018-12-05", "FTAG": 1, "FTHG": 1, "FTR": "D", "HC": 10, "HF": 12, "HR": 0, "HS": 25, "HST": 7, "HTAG": 0, "HTHG": 1, "HTR": "H", "HY": 0, "HomeTeam": "Fulham", "Referee": "D Coote"},{"AC": 4, "AF": 10, "AR": 0, "AS": 9, "AST": 4, "AY": 3, "AwayTeam": "Arsenal", "Date": "2018-12-05", "FTAG": 2, "FTHG": 2, "FTR": "D", "HC": 4, "HF": 13, "HR": 0, "HS": 10, "HST": 7, "HTAG": 1, "HTHG": 1, "HTR": "D", "HY": 3, "HomeTeam": "Man United", "Referee": "A Marriner"},{"AC": 6, "AF": 5, "AR": 0, "AS": 18, "AST": 5, "AY": 0, "AwayTeam": "Southampton", "Date": "2018-12-05", "FTAG": 1, "FTHG": 3, "FTR": "H", "HC": 8, "HF": 7, "HR": 0, "HS": 13, "HST": 8, "HTAG": 0, "HTHG": 1, "HTR": "H", "HY": 0, "HomeTeam": "Tottenham", "Referee": "A Taylor"},{"AC": 5, "AF": 10, "AR": 0, "AS": 17, "AST": 3, "AY": 4, "AwayTeam": "Chelsea", "Date": "2018-12-05", "FTAG": 1, "FTHG": 2, "FTR": "H", "HC": 1, "HF": 18, "HR": 0, "HS": 6, "HST": 2, "HTAG": 1, "HTHG": 0, "HTR": "A", "HY": 4, "HomeTeam": "Wolves", "Referee": "J Moss"},{"AC": 1, "AF": 20, "AR": 0, "AS": 6, "AST": 0, "AY": 4, "AwayTeam": "Huddersfield", "Date": "2018-12-08", "FTAG": 0, "FTHG": 1, "FTR": "H", "HC": 7, "HF": 13, "HR": 0, "HS": 14, "HST": 2, "HTAG": 0, "HTHG": 0, "HTR": "D", "HY": 5, "HomeTeam": "Arsenal", "Referee": "P Tierney"},{"AC": 6, "AF": 11, "AR": 0, "AS": 10, "AST": 4, "AY": 1, "AwayTeam": "Liverpool", "Date": "2018-12-08", "FTAG": 4, "FTHG": 0, "FTR": "A", "HC": 6, "HF": 9, "HR": 0, "HS": 8, "HST": 2, "HTAG": 1, "HTHG": 0, "HTR": "A", "HY": 2, "HomeTeam": "Bournemouth", "Referee": "L Mason"},{"AC": 7, "AF": 11, "AR": 0, "AS": 14, "AST": 1, "AY": 0, "AwayTeam": "Brighton", "Date": "2018-12-08", "FTAG": 0, "FTHG": 1, "FTR": "H", "HC": 2, "HF": 11, "HR": 0, "HS": 14, "HST": 4, "HTAG": 0, "HTHG": 1, "HTR": "H", "HY": 2, "HomeTeam": "Burnley", "Referee": "M Atkinson"},{"AC": 7, "AF": 10, "AR": 0, "AS": 12, "AST": 1, "AY": 2, "AwayTeam": "Southampton", "Date": "2018-12-08", "FTAG": 0, "FTHG": 1, "FTR": "H", "HC": 7, "HF": 9, "HR": 0, "HS": 13, "HST": 4, "HTAG": 0, "HTHG": 0, "HTR": "D", "HY": 2, "HomeTeam": "Cardiff", "Referee": "J Moss"},{"AC": 13, "AF": 11, "AR": 0, "AS": 14, "AST": 4, "AY": 0, "AwayTeam": "Man City", "Date": "2018-12-08", "FTAG": 0, "FTHG": 2, "FTR": "H", "HC": 1, "HF": 12, "HR": 0, "HS": 8, "HST": 5, "HTAG": 0, "HTHG": 1, "HTR": "H", "HY": 2, "HomeTeam": "Chelsea", "Referee": "M Oliver"},{"AC": 5, "AF": 7, "AR": 0, "AS": 7, "AST": 2, "AY": 1, "AwayTeam": "Tottenham", "Date": "2018-12-08", "FTAG": 2, "FTHG": 0, "FTR": "A", "HC": 6, "HF": 12, "HR": 0, "HS": 11, "HST": 3, "HTAG": 1, "HTHG": 0, "HTR": "A", "HY": 3, "HomeTeam": "Leicester", "Referee": "C Pawson"},{"AC": 3, "AF": 15, "AR": 1, "AS": 10, "AST": 4, "AY": 1, "AwayTeam": "Fulham", "Date": "2018-12-08", "FTAG": 1, "FTHG": 4, "FTR": "H", "HC": 10, "HF": 11, "HR": 0, "HS": 20, "HST": 11, "HTAG": 0, "HTHG": 3, "HTR": "H", "HY": 1, "HomeTeam": "Man United", "Referee": "L Probert"},{"AC": 3, "AF": 8, "AR": 0, "AS": 8, "AST": 4, "AY": 2, "AwayTeam": "Crystal Palace", "Date": "2018-12-08", "FTAG": 2, "FTHG": 3, "FTR": "H", "HC": 5, "HF": 10, "HR": 0, "HS": 13, "HST": 6, "HTAG": 1, "HTHG": 0, "HTR": "A", "HY": 1, "HomeTeam": "West Ham", "Referee": "A Taylor"},{"AC": 6, "AF": 17, "AR": 0, "AS": 13, "AST": 6, "AY": 5, "AwayTeam": "Wolves", "Date": "2018-12-09", "FTAG": 2, "FTHG": 1, "FTR": "A", "HC": 4, "HF": 10, "HR": 1, "HS": 12, "HST": 4, "HTAG": 1, "HTHG": 1, "HTR": "D", "HY": 2, "HomeTeam": "Newcastle", "Referee": "M Dean"},{"AC": 6, "AF": 13, "AR": 0, "AS": 15, "AST": 3, "AY": 1, "AwayTeam": "Watford", "Date": "2018-12-10", "FTAG": 2, "FTHG": 2, "FTR": "D", "HC": 6, "HF": 13, "HR": 0, "HS": 12, "HST": 5, "HTAG": 0, "HTHG": 1, "HTR": "H", "HY": 1, "HomeTeam": "Everton", "Referee": "K Friend"},{"AC": 4, "AF": 8, "AR": 0, "AS": 12, "AST": 2, "AY": 1, "AwayTeam": "Leicester", "Date": "2018-12-15", "FTAG": 0, "FTHG": 1, "FTR": "H", "HC": 4, "HF": 10, "HR": 0, "HS": 8, "HST": 1, "HTAG": 0, "HTHG": 1, "HTR": "H", "HY": 2, "HomeTeam": "Crystal Palace", "Referee": "M Oliver"},{"AC": 4, "AF": 10, "AR": 0, "AS": 6, "AST": 3, "AY": 1, "AwayTeam": "West Ham", "Date": "2018-12-15", "FTAG": 2, "FTHG": 0, "FTR": "A", "HC": 6, "HF": 14, "HR": 0, "HS": 16, "HST": 4, "HTAG": 2, "HTHG": 0, "HTR": "A", "HY": 2, "HomeTeam": "Fulham", "Referee": "M Dean"},{"AC": 1, "AF": 13, "AR": 0, "AS": 8, "AST": 5, "AY": 1, "AwayTeam": "Newcastle", "Date": "2018-12-15", "FTAG": 1, "FTHG": 0, "FTR": "A", "HC": 10, "HF": 5, "HR": 0, "HS": 15, "HST": 5, "HTAG": 0, "HTHG": 0, "HTR": "D", "HY": 1, "HomeTeam": "Huddersfield", "Referee": "A Taylor"},{"AC": 2, "AF": 9, "AR": 0, "AS": 9, "AST": 2, "AY": 2, "AwayTeam": "Everton", "Date": "2018-12-15", "FTAG": 1, "FTHG": 3, "FTR": "H", "HC": 6, "HF": 7, "HR": 0, "HS": 13, "HST": 5, "HTAG": 0, "HTHG": 1, "HTR": "H", "HY": 1, "HomeTeam": "Man City", "Referee": "C Pawson"},{"AC": 3, "AF": 8, "AR": 0, "AS": 4, "AST": 0, "AY": 2, "AwayTeam": "Burnley", "Date": "2018-12-15", "FTAG": 0, "FTHG": 1, "FTR": "H", "HC": 8, "HF": 7, "HR": 0, "HS": 15, "HST": 3, "HTAG": 0, "HTHG": 0, "HTR": "D", "HY": 0, "HomeTeam": "Tottenham", "Referee": "G Scott"},{"AC": 0, "AF": 5, "AR": 0, "AS": 10, "AST": 3, "AY": 0, "AwayTeam": "Cardiff", "Date": "2018-12-15", "FTAG": 2, "FTHG": 3, "FTR": "H", "HC": 5, "HF": 7, "HR": 0, "HS": 17, "HST": 8, "HTAG": 0, "HTHG": 1, "HTR": "H", "HY": 0, "HomeTeam": "Watford", "Referee": "A Madley"},{"AC": 3, "AF": 7, "AR": 0, "AS": 13, "AST": 3, "AY": 2, "AwayTeam": "Bournemouth", "Date": "2018-12-15", "FTAG": 0, "FTHG": 2, "FTR": "H", "HC": 5, "HF": 15, "HR": 0, "HS": 9, "HST": 3, "HTAG": 0, "HTHG": 1, "HTR": "H", "HY": 1, "HomeTeam": "Wolves", "Referee": "S Hooper"},{"AC": 1, "AF": 6, "AR": 0, "AS": 10, "AST": 3, "AY": 2, "AwayTeam": "Chelsea", "Date": "2018-12-16", "FTAG": 2, "FTHG": 1, "FTR": "A", "HC": 4, "HF": 14, "HR": 0, "HS": 6, "HST": 2, "HTAG": 2, "HTHG": 0, "HTR": "A", "HY": 2, "HomeTeam": "Brighton", "Referee": "S Attwell"},{"AC": 2, "AF": 14, "AR": 0, "AS": 6, "AST": 2, "AY": 2, "AwayTeam": "Man United", "Date": "2018-12-16", "FTAG": 1, "FTHG": 3, "FTR": "H", "HC": 13, "HF": 6, "HR": 0, "HS": 36, "HST": 11, "HTAG": 1, "HTHG": 1, "HTR": "D", "HY": 0, "HomeTeam": "Liverpool", "Referee": "M Atkinson"},{"AC": 5, "AF": 10, "AR": 0, "AS": 13, "AST": 4, "AY": 1, "AwayTeam": "Arsenal", "Date": "2018-12-16", "FTAG": 2, "FTHG": 3, "FTR": "H", "HC": 4, "HF": 12, "HR": 0, "HS": 12, "HST": 7, "HTAG": 1, "HTHG": 2, "HTR": "H", "HY": 3, "HomeTeam": "Southampton", "Referee": "C Kavanagh"}]